<?xml version="1.0" encoding="UTF-8"?>
<beans xmlns="http://www.springframework.org/schema/beans"
       xmlns:xsi="http://www.w3.org/2001/XMLSchema-instance"
       xmlns:context="http://www.springframework.org/schema/context"
       xmlns:aop="http://www.springframework.org/schema/aop"
       xmlns:tx="http://www.springframework.org/schema/tx"
       xsi:schemaLocation="http://www.springframework.org/schema/beans
        http://www.springframework.org/schema/beans/spring-beans.xsd
        http://www.springframework.org/schema/aop
        https://www.springframework.org/schema/aop/spring-aop.xsd
        http://www.springframework.org/schema/context
        https://www.springframework.org/schema/context/spring-context.xsd
        http://www.springframework.org/schema/tx
        http://www.springframework.org/schema/tx/spring-tx.xsd">

    <!--扫描service下的包-->

    <context:component-scan base-package="com.leslie.service"></context:component-scan>

    <!--将所有业务类注入到spring，通过配置或者注解-->
    <bean id="bookServiceImpl" class="com.leslie.service.impl.BookServiceImpl">
        <property name="bookMapper" ref="bookMapper"></property>
    </bean>

    <!--声明式事务-->
    <bean id="transactionManager" class="org.springframework.jdbc.datasource.DataSourceTransactionManager">
        <!--注入数据源-->
        <property name="dataSource" ref="dataSource"></property>

    </bean>


    <!--aop横切事务-->
    <!--<tx:advice id="txAdvice" transaction-manager="transactionManager">-->
    <!--<tx:attributes>-->
    <!--<tx:method name="*" propagation="REQUIRED"/>-->
    <!--</tx:attributes>-->
    <!--</tx:advice>-->

    <!--<aop:config>-->
    <!--<aop:pointcut id="txPointCut" expression="execution(* com.leslie.dao.*.*(..))"/>-->
    <!--<aop:advisor advice-ref="txAdvice" pointcut-ref="txPointCut"/>-->
    <!--</aop:config>-->


</beans>